cat_label,company_name,email,landline_phone,mobile_phone,postal_code,unique_name
Builder,W&T Building Group,N/A,N/A,07488 842319,CF10 2NX,WAndTBuildingGroup969108
Builder,SAL BUILDING SERVICES LTD,N/A,01443 806606,07488 850516,CF10 2NX,SalBuildingServices
Builder,Emerald Green Group Ltd,N/A,N/A,07488 830744,CF10 2NX,EmeraldGreenGroup991074
Builder,AP Property Preservation,APPropertyPreservation@checkatrade.co.uk,N/A,07458 187637,CF10 2NX,APPropertyPreservation
Builder,C N C Renovations,N/A,01873 777228,07488 841482,CF10 2NX,CNCRenovations971085
Builder,J A Unlimited Services,JAUnServices@checkatrade.co.uk,01594 806898,07458 189550,CF10 2NX,JAUnServices
Builder,TBI Maintenance Ltd,TBIMaintenanceLtd888398@checkatrade.co.uk,N/A,07488 819874,CF10 2NX,TbiMaintenance
Builder,Collins Build Ltd,Collinsbuild@checkatrade.co.uk,N/A,07458 174663,CF10 2NX,Collinsbuild
Builder,Weagan Building Contractors Limited,N/A,N/A,07488 837494,CF10 2NX,WeaganBuildingContractors
Builder,IP Contract Services Ltd,IPContractServices@checkatrade.co.uk,N/A,07458 189186,CF10 2NX,IPContractServices
Builder,Prestige Building Specialists,PrestigeBuildingSpecialists@checkatrade.co.uk,N/A,07458 189530,CF10 2NX,PrestigeBuildingSpecialists
Builder,Probert and Mumford,ProbertAndMumford@checkatrade.co.uk,N/A,07458 169358,CF10 2NX,ProbertAndMumford
Builder,G H Construction Bath Ltd,Ghconstruction@checkatrade.co.uk,N/A,07458 171268,CF10 2NX,GhConstructionBathLimited
Builder,AIC Ltd,AICLtd868428@checkatrade.co.uk,N/A,07488 820281,CF10 2NX,Tim
Builder,Critchleys Building and Maintenance,CritchleysLTD@checkatrade.co.uk,N/A,07458 192843,CF10 2NX,CritchleysBuildingAndMaintenan
Builder,Redwell Construction Ltd,RedwellConstructionLtd@checkatrade.co.uk,01452 689963,07458 165865,CF10 2NX,RedwellConstructionLtd
Builder,Trerise Property Maintenance Ltd,N/A,01792 966198,07488 828366,CF10 2NX,TrerisePropertyMaintenance
Builder,ADS Carpentry and Building Services,AdsCarpentryandBuildingService@checkatrade.co.uk,N/A,07458 187757,CF10 2NX,AdsCarpentryandBuildingService
Builder,J.P.R Carpentry & Building Services,JPRCarpentryAndBuildingService@checkatrade.co.uk,N/A,07458 187689,CF10 2NX,JPRCarpentryAndBuildingService
Builder,AB Building & Plastering,ABBuildingAndPlastering@checkatrade.co.uk,N/A,07458 187712,CF10 2NX,ABBuildingAndPlastering
Builder,Innovation Build,InnovationBuild@checkatrade.co.uk,N/A,07458 189108,CF10 2NX,InnovationBuild
Builder,Goode Building Services ,Goodebuildingservices@checkatrade.co.uk,N/A,07458 187804,CF10 2NX,Goodebuildingservices
Builder,LTS Builders,N/A,N/A,07488 848900,CF10 2NX,LTSBuilders936208
Builder,Hawkesford Construction Ltd,HawkesfordConstructionLtd@checkatrade.co.uk,01495 368481,N/A,CF10 2NX,HawkesfordConstructionLtd
Builder,CK Carpentry and Construction,CKCarpentryAndConstruction@checkatrade.co.uk,N/A,07458 187664,CF10 2NX,CKCarpentryAndConstruction
Builder,AW Building Contractors,N/A,N/A,07488 851716,CF10 2NX,AWBuildingContractors
Builder,Magua Building Services LLP,MaguaBuildingServicesLLP@checkatrade.co.uk,N/A,07458 187753,CF10 2NX,MaguaBuildingServicesLLP
Builder,JWR Property Developments,JWRPropertyDevelopments@checkatrade.co.uk,N/A,07458 187861,CF10 2NX,JWRPropertyDevelopments
Builder,NG Construction ,N/A,01446 502969,07488 838666,CF10 2NX,NGConstruction
Builder,Alan Gwillim & Son,N/A,N/A,07458 174883,CF10 2NX,AlanGwillimAndSonTredegar
Builder,MM Building and Construction,MMBuildingandConstruction@checkatrade.co.uk,01685 709619,07458 187691,CF10 2NX,MMBuildingandConstruction
Builder,Uplands Preservations,UplandsPreservations@checkatrade.co.uk,N/A,07458 189560,CF10 2NX,UplandsPreservations
Builder,M&S Builders,N/A,0117 4506602,07458 189462,CF10 2NX,MAndSBuilders
Builder,CSW Loft Conversions Ltd,CswLoftConversionsLtd@checkatrade.co.uk,0117 4506581,07458 189581,CF10 2NX,CswLoftConversionsLtd
Builder,L H Building Services (Bristol) Ltd,LHBuildingServicesBristolLtd@checkatrade.co.uk,N/A,07458 189250,CF10 2NX,LHBuildingServicesBristolLtd
Builder,MWE Builders,MWEBuilders867810@checkatrade.co.uk,N/A,07488 819292,CF10 2NX,MweBuilders
Builder,Abacus Of Bath,AbbacusOfBath@checkatrade.co.uk,N/A,07458 171455,CF10 2NX,AbbacusOfBath
Builder,Hudson Carpentry Ltd,HudsonCarpentry@checkatrade.co.uk,01454 804862,07488 835694,CF10 2NX,HudsonCarpentry
Builder,Surebuild,Surebuild@checkatrade.co.uk,N/A,07458 189584,CF10 2NX,Surebuild
Builder,CSHI Windows & Doors Ltd,CshiWindowsAndDoors@checkatrade.co.uk,01392 539594,N/A,CF10 2NX,CshiWindowsAndDoors
Builder,SB Minor Works,SBMinorWorks@checkatrade.co.uk,01392 539587,07458 181753,CF10 2NX,SBMinorWorks
Builder,M Rowan Carpenter and Building Contractor,MRowanCarpenterandBuildingContractor@checkatrade.co.uk,01597 737138,07458 187750,CF10 2NX,MRowanCarpenterandBuildingContractor
Builder,G D Master Builders,GDMasterBuilders@checkatrade.co.uk,N/A,07458 189588,CF10 2NX,GDMasterBuilders
Builder,WRB Construction,WrbConstruction@checkatrade.co.uk,0118 2074211,07458 182106,CF10 2NX,WrbConstruction
Builder,Purbeck Home Improvements & Developers Ltd,PurbeckHomeImprovementsAndDevelopers@checkatrade.co.uk,01929 508274,07458 179546,CF10 2NX,PurbeckHomeImprovementsAndDevelopers
Builder,Evans Builders,EvansBuilders@checkatrade.co.uk,01834 827051,07458 187766,CF10 2NX,EvansBuilders
Builder,L Homer Construction,LHomerConstruction@checkatrade.co.uk,01202 086946,07458 177804,CF10 2NX,LHomerConstruction
Builder,BSF Developments Ltd,BSFDevelopmentsLtd@checkatrade.co.uk,01202 086959,07458 177914,CF10 2NX,BSFDevelopmentsLtd
Builder,Westpark Carpentry & Building Services,WestparkCarpentryAndBuildingServices@checkatrade.co.uk,01202 086702,07458 177007,CF10 2NX,WestparkCarpentryAndBuildingServices
Builder,SW Builders ,SwBuilders519298@checkatrade.co.uk,N/A,07458 168876,CF10 2NX,SwBuilders519298
Builder,Peter Plastering ,PeterPlastering@checkatrade.co.uk,N/A,07458 178044,CF10 2NX,PeterPlastering
Builder,Newbury Construction & Surfacing Ltd,NewburyConstructionAndSurfacingLtd@checkatrade.co.uk,01635 017893,07458 183319,CF10 2NX,NewburyConstructionAndSurfacingLtd
Builder,Tekton Solutions Ltd,TektonSolutions@checkatrade.co.uk,01202 091003,07458 180036,CF10 2NX,TektonSolutions
Builder,EG Davies & Son,EGDaviesAndSon@checkatrade.co.uk,N/A,07458 188033,CF10 2NX,EGDaviesAndSon
Builder,Who's Your Builder,WhosYourBuilder@checkatrade.co.uk,0121 7289085,07458 165381,CF10 2NX,WhosYourBuilder
Builder,J J David Plastering Contractors,JJDavidPlasteringContractors@checkatrade.co.uk,01425 207824,07458 177639,CF10 2NX,JJDavidPlasteringContractors
Builder,JPR Builders & Son,JprBuildersAndSon@checkatrade.co.uk,N/A,07458 178682,CF10 2NX,JprBuildersAndSon
Builder,Future Refurbishments Ltd,FutureRefurbishmentsLtd@checkatrade.co.uk,N/A,07458 179618,CF10 2NX,FutureRefurbishmentsLtd
Builder,G.Young Brickwork,GyoungBrickwork@checkatrade.co.uk,N/A,07458 188484,CF10 2NX,GyoungBrickwork
Builder,Pinpoint Trace and Access Limited,PinpointTraceAndAccess@checkatrade.co.uk,01922 664067,N/A,CF10 2NX,PinpointTraceAndAccess
Builder,Liam Shields Construction,LiamShieldsConstruction@checkatrade.co.uk,N/A,07458 165467,CF10 2NX,LiamShieldsConstruction
Builder,L M Quin Plastering & Building,LMQuinPlasteringAndBuilding@checkatrade.co.uk,01494 939994,07458 182108,CF10 2NX,LMQuinPlasteringAndBuilding
Builder,Franki Foundations UK LTD,FrankiFoundationsUKLTD@checkatrade.co.uk,01489 532196,N/A,CF10 2NX,FrankiFoundationsUKLTD
Builder,G M Floor Screeds Ltd,GMFloorScreedsLtd@checkatrade.co.uk,01543 228433,N/A,CF10 2NX,GMFloorScreedsLtd
Gardener,Colin the Grass Man,N/A,01495 366044,07488 848985,CF10 2NX,ColintheGrassMan936070
Gardener,Master Trees Cardiff,MasterTreesCardiff@checkatrade.co.uk,N/A,07458 173403,CF10 2NX,MasterTreesCardiff
Gardener,Evoke Fencing & Landscapes ,N/A,01873 777225,07488 837877,CF10 2NX,EvokeGroundsMaintenanceLtd
Gardener,We Dig It SW Ltd,N/A,N/A,07458 177113,CF10 2NX,WeDigItSwLtd
Gardener,Darren Davies Garden And Fencing Services,N/A,N/A,07458 189123,CF10 2NX,DarennDaviesTreeAndGardenServ
Gardener,JP Landscapes,JPLandscapesPontyclun@checkatrade.co.uk,N/A,07458 187605,CF10 2NX,JPLandscapesPontyclun
Gardener,Francis Darch Grounds Maintenance,FrancisDarchGroundsMaintenance@checkatrade.co.uk,N/A,N/A,CF10 2NX,FrancisDarchGroundsMaintenance
Gardener,JS Landscapes,JSLandscapes@checkatrade.co.uk,N/A,07458 180493,CF10 2NX,JSLandscapes
Gardener,Soane Gardening Services,SoaneGardeningServices@checkatrade.co.uk,01256 597876,07458 182473,CF10 2NX,SoaneGardeningServices
Garage / Vehicle Services,JS Mechanics,N/A,N/A,07488 846490,CF10 2NX,JSMechanics
Garage / Vehicle Services,DP Body Repairs Ltd ,DpBodyRepairs@checkatrade.co.uk,01243 958412,N/A,CF10 2NX,DpBodyRepairs
Garage / Vehicle Services,Bristol Car & Commercial,BristolCarAndCommercial@checkatrade.co.uk,N/A,07458 189848,CF10 2NX,BristolCarAndCommercial
Garage / Vehicle Services,MVM Window Films & Blinds,MvmWindowFilms@checkatrade.co.uk,01329 750038,N/A,CF10 2NX,MvmWindowFilmsandBlinds
TV Aerials / Satellite Services,Aerial Services Wales,N/A,01633 987548,N/A,CF10 2NX,AerialServicesWales904074
TV Aerials / Satellite Services,Amicord Aerial Services,AmicordAerialServices@checkatrade.co.uk,01685 709617,07458 187857,CF10 2NX,AmicordAerialServices
TV Aerials / Satellite Services,CJW Digital Solutions Services,N/A,01495 366052,07488 850279,CF10 2NX,CJWDigitalSolutionsServices920957
TV Aerials / Satellite Services,C & J DIGITAL LTD,N/A,N/A,07488 842204,CF10 2NX,CAndJDIGITALLTD969887
TV Aerials / Satellite Services,J D Communications,JDCommunications892795@checkatrade.co.uk,01685 709615,N/A,CF10 2NX,JDCommunications
TV Aerials / Satellite Services,CVAS,ChewValleyAerials@checkatrade.co.uk,01761 250174,07458 189845,CF10 2NX,ChewValleyAerials
TV Aerials / Satellite Services,Abacus Aerials,AbacusAerials@checkatrade.co.uk,01202 078937,07458 179640,CF10 2NX,AbacusAerials
TV Aerials / Satellite Services,R & S Communications,RandSCommunications@checkatrade.co.uk,N/A,07458 176467,CF10 2NX,RandSCommunications
TV Aerials / Satellite Services,Digital Aerial Solutions,DigitalAerialSolutions1@checkatrade.co.uk,N/A,07458 183611,CF10 2NX,DigitalAerialSolutions728415
Central Heating,Heatforce,Heatforce@checkatrade.co.uk,N/A,07458 187758,CF10 2NX,Heatforce
Central Heating,MPH Plumbing & Heating,MPHPlumbingandHeating@checkatrade.co.uk,N/A,N/A,CF10 2NX,MPHPlumbingandHeating
Central Heating,Gareth Williams Heating Ltd,GarethWilliamsHeating@checkatrade.co.uk,01633 987579,07458 187833,CF10 2NX,GarethWilliamsHeating
Central Heating,Hollis Plumbing & Gas Ltd,HollisPlumbingAndGas@checkatrade.co.uk,N/A,07458 187625,CF10 2NX,HollisPlumbingAndGas
Central Heating,Element Gas,ElementGas@checkatrade.co.uk,N/A,N/A,CF10 2NX,ElementGas
Central Heating,Q H I,QHI@checkatrade.co.uk,01633 987563,07458 187693,CF10 2NX,QHI
Central Heating,D Barnes Plumbing and Heating,DBarnesPlumbingAndHeating@checkatrade.co.uk,N/A,07458 189357,CF10 2NX,DBarnesPlumbingAndHeating
Central Heating,HEATFIX,Heatfix@checkatrade.co.uk,N/A,07458 167850,CF10 2NX,Heatfix
Central Heating,Plumbwise,Plumbwise@checkatrade.co.uk,N/A,N/A,CF10 2NX,Plumbwise
Central Heating,Curtis Plumbing & Heating ,CurtisPlumbingAndHeating@checkatrade.co.uk,N/A,07458 189309,CF10 2NX,CurtisPlumbingAndHeating
Central Heating,NJB Plumbing & Heating,NJBPlumbingAndHeating@checkatrade.co.uk,N/A,07458 189260,CF10 2NX,NJBPlumbingAndHeating
Central Heating,Mike James Heating & Plumbing,MikeJamesHeatingAndPlumbing@checkatrade.co.uk,N/A,07458 187768,CF10 2NX,MikeJamesHeatingAndPlumbing
Central Heating,Extreme Heating Ltd ,ExtremeHeating@checkatrade.co.uk,N/A,07458 171642,CF10 2NX,ExtremeHeating
Central Heating,PB Plumbing and Heating,N/A,N/A,07488 841149,CF10 2NX,PBPlumbingandHeating971671
Central Heating,MRM Plumbing and Heating ,MRMPlumbingAndHeating@checkatrade.co.uk,N/A,07458 187762,CF10 2NX,MRMPlumbingAndHeating
Central Heating,FlameSafe Plumbing & Heating Ltd,FlameSafePlumbingandHeatingBristol@checkatrade.co.uk,N/A,07458 189500,CF10 2NX,FlameSafePlumbingandHeatingLtd
Central Heating,M D Sully Heating And Plumbing,MDSullyHeatingAndPlumbing@checkatrade.co.uk,01633 987584,07458 170815,CF10 2NX,MDSullyHeatingAndPlumbing
Central Heating,Redline Plumbing and Heating,RedlinePlumbingAndHeating@checkatrade.co.uk,N/A,07458 189246,CF10 2NX,RedlinePlumbingAndHeating
Central Heating,Webb Heating Services,N/A,N/A,07488 820177,CF10 2NX,WebbHeatingServices
Central Heating,HPR Services Ltd,N/A,01452 931428,07488 851428,CF10 2NX,HPRServices
Central Heating,Southern Tank Services Ltd,SouthernTankServicesLtd@checkatrade.co.uk,01722 445223,N/A,CF10 2NX,SouthernTankServicesLtd
Central Heating,Strong's Plumbing & Heating Services Ltd,Strong'sPlumbing&HeatingServicesLtd888695@checkatrade.co.uk,0117 4405067,07458 193923,CF10 2NX,StrongsPlumbingAndHeatingServices
Central Heating,CLM Plumbing and Heating,N/A,N/A,07488 825901,CF10 2NX,CLMPlumbingandHeating991925
Central Heating,"AK Plumbing, Heating & Electrical Services Limited",AKPlumbingHeatingAndElectricalServices@checkatrade.co.uk,N/A,07458 189612,CF10 2NX,AKPlumbingHeatingAndElectricalServices
Central Heating,Thompson Services Cardiff Limited,ThompsonServicesCardiff@checkatrade.co.uk,N/A,N/A,CF10 2NX,ThompsonServicesCardiff
Central Heating,Limegreen,Limegreen@checkatrade.co.uk,N/A,N/A,CF10 2NX,Limegreen
Central Heating,Let's Heat,N/A,N/A,07458 175129,CF10 2NX,letsheat
Central Heating,Intatherm (Cardiff) Ltd,N/A,N/A,07488 850107,CF10 2NX,Intatherm990633
Central Heating,MC Gas Solutions Limited ,N/A,N/A,07458 172168,CF10 2NX,McGasSolutionsLimited
Central Heating,TSL Heating & Plumbing Ltd,TslHeatingAndPlumbing@checkatrade.co.uk,01633 987581,N/A,CF10 2NX,TslHeatingAndPlumbing
Central Heating,Colin Freeman Plumbing & Heating,ColinFreemanPlumbingAndHeating@checkatrade.co.uk,N/A,07458 189796,CF10 2NX,ColinFreemanPlumbingAndHeating
Central Heating,Kelly Plumbing Heating & Gas,N/A,01934 314748,N/A,CF10 2NX,KellyPlumbingHeatingAndGas
Central Heating,Cam Gas Compliance UK,N/A,N/A,07488 815275,CF10 2NX,CamGasComplianceUK990494
Central Heating,Williams SW Ltd,WilliamsPlumbingandHeatingSWLtd@checkatrade.co.uk,0117 4405062,N/A,CF10 2NX,WilliamsSWLtd445945
Central Heating,Tonic Engineering Services Ltd,TonicEngineeringServicesLtd@checkatrade.co.uk,N/A,07458 189562,CF10 2NX,TonicEngineeringServicesLtd
Central Heating,The Somerset Gas Co. Limited,N/A,N/A,07488 846997,CF10 2NX,SomersetGas
Central Heating,M.S.M Plumbing & Heating,MSMPlumbingandHeating@checkatrade.co.uk,N/A,07458 189457,CF10 2NX,MSMPlumbingandHeating
Central Heating,Help For Heating,HelpForHeating@checkatrade.co.uk,0117 4405199,N/A,CF10 2NX,HelpForHeating
Central Heating,Taps-On Plumbing & Heating,TapsonPlumbingAndHeating@checkatrade.co.uk,N/A,07458 189296,CF10 2NX,TapsonPlumbingAndHeating
Central Heating,"h2flow Plumbing, Heating & Gas",H2flowPlumbing@checkatrade.co.uk,N/A,07458 187688,CF10 2NX,H2flowPlumbing
Central Heating,J K Morgan Plumbing & Heating,JKMorganPlumbingAndHeating@checkatrade.co.uk,0117 4506598,07458 189409,CF10 2NX,JKMorganPlumbingAndHeating
Central Heating,R M Blake ,RMBlake@checkatrade.co.uk,01792 966218,07458 187607,CF10 2NX,RMBlake
Central Heating,LSV Water ,LsvWater@checkatrade.co.uk,N/A,07458 194854,CF10 2NX,LsvWater
Central Heating,"Green Flame Plumbing, Heating & Renewables",N/A,01452 689953,07458 165329,CF10 2NX,GreenFlamePlumbingHeatingAndRenewables
Central Heating,TP Plumbing Services (Dorset Ltd) ,TPPlumbingServices@checkatrade.co.uk,01202 086884,07458 177417,CF10 2NX,TPPlumbingServices
Central Heating,Direct Heat Solutions ,DirectHeatSolutions@checkatrade.co.uk,N/A,07458 165284,CF10 2NX,DirectHeatSolutions
Central Heating,Maddocks Plumbing & Heating Ltd,N/A,N/A,07458 177234,CF10 2NX,MaddocksPlumbingandHeating
Central Heating,G A S Installations Ltd,GASInstallationsLtd@checkatrade.co.uk,0121 7289028,N/A,CF10 2NX,GASInstallationsLtd
Central Heating,Ecoheat Smart Solutions,EcoheatSmartSolutions@checkatrade.co.uk,N/A,07458 165495,CF10 2NX,EcoheatSmartSolutions
Central Heating,Greens Heating & Electrical,GreensHeatingandElectrical@checkatrade.co.uk,01489 665634,07458 176647,CF10 2NX,GreensHeatingandElectrical
Central Heating,Warwickshire Gas Services,WarwickshireGasServices@checkatrade.co.uk,N/A,07458 166376,CF10 2NX,WarwickshireGasServices
Central Heating,Arktek Group Ltd,N/A,0191 9173291,N/A,CF10 2NX,ArktekGroupLtd
Central Heating,FDG Group The Nottingham Energy Centre,FDGGroupTheNottinghamEnergyCentre@checkatrade.co.uk,N/A,07458 188894,CF10 2NX,FDGGroupTheNottinghamEnergyCentre
Windows / Doors / Conservatories,Futureglaze Windows Limited,FutureglazeWindows@checkatrade.co.uk,01443 806624,N/A,CF10 2NX,FutureglazeWindows
Windows / Doors / Conservatories,Cardiff Upvc Fascia and Guttering Company,CardiffUpvcFasciaandGutteringC@checkatrade.co.uk,N/A,07458 187703,CF10 2NX,CardiffUpvcFasciaandGutteringCompany
Windows / Doors / Conservatories,Safestyle UK,N/A,01274 009453,N/A,CF10 2NX,SafestyleUkBradford
Windows / Doors / Conservatories,Kevale Windows & Doors,N/A,N/A,07488 815105,CF10 2NX,KevaleWindowsandDoors962113
Windows / Doors / Conservatories,CENTRIC HOME IMPROVEMENTS LIMITED,N/A,01443 806605,N/A,CF10 2NX,CENTRICHOMEIMPROVEMENTSLIMITED922223
Windows / Doors / Conservatories,Phoenix Windows & Doors Ltd,PhoenixWindowsandDoors@checkatrade.co.uk,N/A,07458 184017,CF10 2NX,PhoenixWindowsandDoors
Windows / Doors / Conservatories,SRJ Windows,N/A,01633 987580,07488 850207,CF10 2NX,SRJWindows859317
Windows / Doors / Conservatories,A One Home Improvements Limited,AOneHomeImprovement@checkatrade.co.uk,01792 966214,07458 188689,CF10 2NX,AOneHomeImprovementLimited
Windows / Doors / Conservatories,Capital UPVC Ltd,N/A,N/A,N/A,CF10 2NX,CapitalUPVCLtd
Windows / Doors / Conservatories,Clearview Windows Cardiff Ltd,ClearviewWindowsCardiff@checkatrade.co.uk,01443 806625,07458 187798,CF10 2NX,ClearviewWindowsCardiff
Windows / Doors / Conservatories,The Window Doctor,TheWindowDoctor@checkatrade.co.uk,01633 987576,07458 187825,CF10 2NX,TheWindowDoctor
Windows / Doors / Conservatories,Kew Glass And Glazing,KewGlassAndGlazing@checkatrade.co.uk,N/A,N/A,CF10 2NX,KewGlassAndGlazing
Windows / Doors / Conservatories,MPN UPVC Windows Doors Conservatories Installations Ltd,MpnWindowsDoorsConservatories@checkatrade.co.uk,N/A,07458 187776,CF10 2NX,MpnWindowsDoorsConservatories
Windows / Doors / Conservatories,Clear View Windows UK Ltd,ClearViewWindowsUKLtd@checkatrade.co.uk,01278 558545,07458 189708,CF10 2NX,ClearViewWindowsUKLtd
Windows / Doors / Conservatories,Able Plastics Ltd,AblePlasticsLtd@checkatrade.co.uk,N/A,07458 189443,CF10 2NX,AblePlasticsLtd
Windows / Doors / Conservatories,Wades Windows and Home Improvements ,WadesWindowsandLandscapingImprovements@checkatrade.co.uk,N/A,07458 189341,CF10 2NX,WadesWindowsandLandscapingImprovements
Windows / Doors / Conservatories,Summer Windows ,SummerWindows@checkatrade.co.uk,N/A,07458 189645,CF10 2NX,SummerWindows
Windows / Doors / Conservatories,Timberglaze Ltd,Timberglaze@checkatrade.co.uk,01761 250173,07458 194868,CF10 2NX,Timberglaze
Windows / Doors / Conservatories,Corsham Building Plastics,CorshamBuildingPlastics@checkatrade.co.uk,01225 437874,N/A,CF10 2NX,CorshamBuildingPlastics
Windows / Doors / Conservatories,J P Contractors Roofing Specialists,JPContractorsRoofingSpecialists@checkatrade.co.uk,N/A,07458 165249,CF10 2NX,JPContractorsRoofingSpecialists
Windows / Doors / Conservatories,CSHI Windows & Doors Ltd,CshiWindowsAndDoors@checkatrade.co.uk,01392 539594,N/A,CF10 2NX,CshiWindowsAndDoors
Windows / Doors / Conservatories,Firmfix,Firmfix@checkatrade.co.uk,01684 219659,N/A,CF10 2NX,Firmfix
Windows / Doors / Conservatories,Miles Window Systems,MilesWindowSystems@checkatrade.co.uk,N/A,07458 189732,CF10 2NX,MilesWindowSystems
Windows / Doors / Conservatories,Acadia Windows & Doors Limited,AcadiaWindowsAndDoors@checkatrade.co.uk,N/A,07458 189427,CF10 2NX,AcadiaWindowsAndDoors
Windows / Doors / Conservatories,J.Varey Roofing & Property Maintenance,JVareyRoofingAndPropertyMaintenance@checkatrade.co.uk,01793 975709,07458 181847,CF10 2NX,JVareyRoofingAndPropertyMaintenance
Windows / Doors / Conservatories,All Roofing,AllRoofing@checkatrade.co.uk,01793 975802,07458 182101,CF10 2NX,AllRoofing
Windows / Doors / Conservatories,Bromsgrove Doors & Windows Ltd,BromsgroveDoorsAndWindowsLtd@checkatrade.co.uk,01527 917738,07458 165295,CF10 2NX,BromsgroveDoorsAndWindowsLtd
Windows / Doors / Conservatories,Truplas Ltd,Truplas@checkatrade.co.uk,01437 807168,07458 187823,CF10 2NX,Truplas
Windows / Doors / Conservatories,Energy Seal Conservatories Limited,N/A,01902 916366,N/A,CF10 2NX,EnergySealConservatories
Windows / Doors / Conservatories,A & J Home Improvements,N/A,01922 664007,07458 165136,CF10 2NX,AAndJHomeImprovements
Windows / Doors / Conservatories,MVM Window Films & Blinds,MvmWindowFilms@checkatrade.co.uk,01329 750038,N/A,CF10 2NX,MvmWindowFilmsandBlinds
Windows / Doors / Conservatories,Byron Doors Limited,ByronDoorsLimited@checkatrade.co.uk,N/A,07458 188860,CF10 2NX,ByronDoorsLimited
Windows / Doors / Conservatories,Victoria's Shutters,VictoriasShutters@checkatrade.co.uk,0191 9173577,N/A,CF10 2NX,VictoriasShutters
Electrician,Bright Sparx Electrical Ltd,N/A,01495 366036,07488 842954,CF10 2NX,BrightSparxElectricalLtd968832
Electrician,Cherry Building Services Ltd,PeterLoweBuildingServices@checkatrade.co.uk,N/A,07458 187866,CF10 2NX,CherryBuildingServicesLtd
Electrician,Mr Sparks Ltd,MrSparksLtd@checkatrade.co.uk,01656 339037,07458 187705,CF10 2NX,MrSparksLtd
Electrician,CAG Electrical LTD,N/A,N/A,07488 851844,CF10 2NX,CagElectrical
Electrician,Electrical 22,Electrical22@checkatrade.co.uk,N/A,07458 190980,CF10 2NX,Electrical22
Electrician,Current Trend Electrics,N/A,N/A,07458 187538,CF10 2NX,CurrentTrendElectrics
Electrician,Elite Electrical and Property Solutions,N/A,01634 959992,07488 814132,CF10 2NX,EliteElectricalAndPropertySol
Electrician,Zener Electrical Services Ltd,ZenerElectricalServices@checkatrade.co.uk,01443 806621,07458 187635,CF10 2NX,ZenerElectricalServices
Electrician,Ace Electrical Solutions Ltd,AceElectricalSolutions@checkatrade.co.uk,N/A,07458 179255,CF10 2NX,AceElectricalSolutions
Electrician,M & J Cullen Electrical Contractors,MAndJCullenElectricalContracto@checkatrade.co.uk,N/A,07458 176244,CF10 2NX,MandJCullenElectricalContracto
Electrician,Boss Electrical Bristol,BossElectricalBristol@checkatrade.co.uk,N/A,07458 191728,CF10 2NX,BossElectricalBristol
Electrician,Yardley Electrical Services,YardleyElectricalServices@checkatrade.co.uk,01446 508550,07458 187887,CF10 2NX,YardleyElectricalServices
Electrician,Integrity Electrical and Building Contractors Ltd,IntegrityElectrical@checkatrade.co.uk,N/A,07458 189276,CF10 2NX,IntegrityElectrical
Electrician,Ernest Till South West & Co Ltd,ErnestTillSouthWestAndCo@checkatrade.co.uk,0117 4564987,N/A,CF10 2NX,ErnestTillSouthWestAndCo
Electrician,KPR Electricians,N/A,01934 314746,N/A,CF10 2NX,KprElectricians
Electrician,RW Electrical,RWElectrical892724@checkatrade.co.uk,N/A,N/A,CF10 2NX,RwElectricalNewport
Electrician,Business Electrical Ltd,BusinessElectricalLtd@checkatrade.co.uk,N/A,N/A,CF10 2NX,BusinessElectricalLtd
Electrician,Coad Electrical Cardiff Ltd,CoadElectricalCardiffLtd@checkatrade.co.uk,N/A,N/A,CF10 2NX,CoadElectricalCardiffLtd
Electrician,Work Solutions Electrical Ltd ,WorkSolutionsElectricalLtd@checkatrade.co.uk,N/A,07458 172749,CF10 2NX,WorkSolutionsElectricalLtd
Electrician,Bambridge Electrical Ltd,ThomasBambridge@checkatrade.co.uk,N/A,07458 189338,CF10 2NX,BambridgeElectricalLtd
Electrician,Eco Fix Uk Ltd,EcoFixUk@checkatrade.co.uk,N/A,07458 189210,CF10 2NX,EcoFixUk
Electrician,TA8 Electrical and Heating Services Ltd,Ta8ElectricalAndHeatingService@checkatrade.co.uk,01278 558533,07458 189342,CF10 2NX,Ta8ElectricalAndHeatingService
Electrician,Channing Electrical LTD,N/A,N/A,07488 814367,CF10 2NX,ChanningElectrical
Electrician,Kings Electrical and Maintenance,N/A,N/A,07458 188864,CF10 2NX,KingsElectricalAndMaintenance
Electrician,Mark Wallace Electrical Ltd,N/A,01495 366053,07458 185019,CF10 2NX,MarkWallaceElectrical
Electrician,O'Keefe Electrical ,OkeefeElectrical@checkatrade.co.uk,N/A,07458 187787,CF10 2NX,OkeefeElectrical
Electrician,Decksmart Electrical ,DecksmartElectrical@checkatrade.co.uk,N/A,07458 187636,CF10 2NX,DecksmartElectrical
Electrician,J.S Electrics (JSE) Ltd,J.SElectrics868061@checkatrade.co.uk,N/A,07488 820486,CF10 2NX,JsElectrics
Electrician,R J Electrical Services,N/A,01656 339006,07488 850463,CF10 2NX,RJElectricalServices921824
Electrician,N & D Gething Electrical ,NandDGethingElectrical@checkatrade.co.uk,N/A,07458 187718,CF10 2NX,NandDGethingElectricalAndPlumbing
Electrician,Max Electrical ,MaxElectrical@checkatrade.co.uk,01884 214300,07458 181623,CF10 2NX,MaxElectrical
Electrician,ASM Electrical Taunton,AsmElectricalTaunton@checkatrade.co.uk,N/A,07458 189553,CF10 2NX,AsmElectricalTaunton
Electrician,DJW Electrical Services,DJWElectricalServicesSomerset@checkatrade.co.uk,N/A,07458 189653,CF10 2NX,DJWElectricalServicesSomerset
Electrician,Switched Live Electrical Ltd,SwitchedLiveElectrical@checkatrade.co.uk,N/A,07458 174325,CF10 2NX,SwitchedLiveElectrical
Electrician,Hertz Electrical,HertzElectrical@checkatrade.co.uk,N/A,07458 189335,CF10 2NX,HertzElectrical
Electrician,Delta Star Energy Limited,DeltaStarEnergy@checkatrade.co.uk,N/A,07458 168121,CF10 2NX,DeltaStarEnergy
Electrician,D M Electric Ltd,DMElectricLtd@checkatrade.co.uk,01458 555994,07458 189625,CF10 2NX,DMElectricLtd
Electrician,S P Electrical Stroud ltd,Unit3NewtonsWay@checkatrade.co.uk,N/A,N/A,CF10 2NX,SPElectricalStroudLtd
Electrician,Selectrofix Ltd,Selectrofix@checkatrade.co.uk,N/A,07458 187863,CF10 2NX,Selectrofix
Electrician,Be Ze Electrical Services ,N/A,N/A,07458 169591,CF10 2NX,BeZeElectricalServices
Electrician,Gabe Electrical Ltd,GabeElectrical@checkatrade.co.uk,N/A,07458 187616,CF10 2NX,GabeElectrical
Electrician,Orion Ts Ltd,N/A,N/A,N/A,CF10 2NX,OrionTsLtd875772
Electrician,D.Harris Electrical,DHarrisElectrical@checkatrade.co.uk,N/A,07458 172555,CF10 2NX,DHarrisElectrical
Electrician,Vedmore Electrical Solutions,VedmoreElectricalSolutions@checkatrade.co.uk,N/A,07458 187772,CF10 2NX,VedmoreElectricalSolutions
Electrician,R&M Electrical (SW) Limited,RandMElectricalCardiff@checkatrade.co.uk,N/A,07458 187860,CF10 2NX,RandMElectricalCardiff
Electrician,G Debono Electrical Services Ltd,GDebonoElectricalServicesLtd@checkatrade.co.uk,N/A,07458 187888,CF10 2NX,GDebonoElectricalServicesLtd
Electrician,Coles Electrics,ColesElectrics@checkatrade.co.uk,N/A,07458 183618,CF10 2NX,ColesElectrics
Electrician,Gaspark Solutions Ltd,GasparkSolutions@checkatrade.co.uk,01633 987571,N/A,CF10 2NX,GasparkSolutions
Electrician,Gareth Edwards Electrical (Gee),GarethEdwardsElectrical@checkatrade.co.uk,N/A,07458 190313,CF10 2NX,GarethEdwardsElectrical
Electrician,Caerphilly Electrical Services Limited,CaerphillyElectricalServices@checkatrade.co.uk,N/A,07458 187680,CF10 2NX,CaerphillyElectricalServices
Electrician,MW Electrical Services,MwElectricalServices511359@checkatrade.co.uk,N/A,N/A,CF10 2NX,MwElectricalServices511359
Electrician,P H Technical Services (SW) Ltd,PHTechnicalServicesLtd@checkatrade.co.uk,01278 558540,N/A,CF10 2NX,PHTechnicalServicesLtd
Electrician,Avalon Electricals,N/A,01458 555996,07458 189697,CF10 2NX,AvalonElectricals
Electrician,RNM Electrical,N/A,N/A,07458 170643,CF10 2NX,RnmElectrical
Electrician,EDI,Edi@checkatrade.co.uk,N/A,07458 170466,CF10 2NX,EDI
Electrician,Marksman EFS,MarksmanSecurityLtd@checkatrade.co.uk,N/A,07458 189247,CF10 2NX,MarksmanSecurityLtd
Electrician,SES Building & Energy Solutions Ltd,SESBuildingAndElectricalSolutions@checkatrade.co.uk,01656 339035,07458 187690,CF10 2NX,SESBuildingAndElectricalSolutions
Electrician,M-Tech (SW) Ltd,MtechLtd@checkatrade.co.uk,N/A,07458 190285,CF10 2NX,MtechLtd
Electrician,MLS Electrical Services,MlsElectricalServices443459@checkatrade.co.uk,N/A,07458 170629,CF10 2NX,MlsElectricalServices443459
Electrician,S T R Electrical Contractors,STRElectricalContractors@checkatrade.co.uk,N/A,07458 187683,CF10 2NX,STRElectricalContractors
Electrician,GPH Electrical ,GphElectrical@checkatrade.co.uk,N/A,N/A,CF10 2NX,GphElectrical
Electrician,Blueserve Facilities Ltd,BlueserveFacilitiesLtd@checkatrade.co.uk,N/A,N/A,CF10 2NX,BlueserveFacilitiesLtd
Electrician,AJM Electrical Services (SW) Ltd,AjmElectricalServices@checkatrade.co.uk,N/A,07458 189261,CF10 2NX,AjmElectricalServices
Electrician,Steve Evans Electrical,SteveEvansElectrical@checkatrade.co.uk,N/A,07458 184782,CF10 2NX,SteveEvansElectrical
Electrician,KPM Electrical & Plumbing Services,KpmElectricalAndPlumbingServic@checkatrade.co.uk,N/A,N/A,CF10 2NX,KpmElectricalAndPlumbingServic
Electrician,Redbourn Renovations Ltd,RedbournRenovationsLtd@checkatrade.co.uk,N/A,07458 165835,CF10 2NX,RedbournRenovationsLtd
Electrician,McGuinness Group Ltd,McguinnessGroupLtd@checkatrade.co.uk,N/A,N/A,CF10 2NX,McguinnessGroupLtd
Electrician,BAKER ELECTRICAL ,N/A,N/A,07488 829415,CF10 2NX,BakerElectrical
Electrician,W & A Electricals Ltd,WAndAElectricals@checkatrade.co.uk,N/A,07458 189748,CF10 2NX,WAndAElectricals
Electrician,D.S.M Electrical Contractors Ltd,DsmElectricalContractorsLtd@checkatrade.co.uk,01305 239478,07458 181738,CF10 2NX,DsmElectricalContractorsLtd
Electrician,Safe Electrical Solutions Ltd,SafeElectricalSolutions@checkatrade.co.uk,01264 319287,07458 183442,CF10 2NX,SafeElectricalSolutions
Electrician,KJKelly (Electrical Contractors) Ltd,KjkellyElectricalContractors@checkatrade.co.uk,N/A,07458 188431,CF10 2NX,KjkellyElectricalContractors
Electrician,Dr Electrix Ltd,DrElectrixLtd@checkatrade.co.uk,N/A,07458 188315,CF10 2NX,DrElectrixLtd
Electrician,Gorsmith Electrical Services,GorsmithElectrical@checkatrade.co.uk,N/A,07458 179242,CF10 2NX,GorsmithElectrical
Electrician,Greens Heating & Electrical,GreensHeatingandElectrical@checkatrade.co.uk,01489 665634,07458 176647,CF10 2NX,GreensHeatingandElectrical
Electrician,C B Electrical Contractors SE Limited,CBElectricalContractorsSe@checkatrade.co.uk,01424 234972,N/A,CF10 2NX,CBElectricalContractorsSe
Carpenter,KPS Carpentry,KPSCarpentry871293@checkatrade.co.uk,N/A,07488 817320,CF10 2NX,KpsCarpentry
Carpenter,LT Construction,N/A,N/A,07488 841751,CF10 2NX,LTConstruction968780
Carpenter,THE RUSTIC JOINERY LTD,N/A,01209 707132,07488 843753,CF10 2NX,THERUSTICJOUNERYLTD962348
Carpenter,Connor Rowe Construction,N/A,N/A,07488 836636,CF10 2NX,ConnorRoweConstruction
Carpenter,CP Carpentry,N/A,N/A,07488 817361,CF10 2NX,CPCarpentry990775
Carpenter,ADS Carpentry and Building Services,AdsCarpentryandBuildingService@checkatrade.co.uk,N/A,07458 187757,CF10 2NX,AdsCarpentryandBuildingService
Carpenter,Finley Carpentry Ltd,FinleyCarpentryLtd@checkatrade.co.uk,N/A,07458 187675,CF10 2NX,FinleyCarpentryLtd
Carpenter,J.P.R Carpentry & Building Services,JPRCarpentryAndBuildingService@checkatrade.co.uk,N/A,07458 187689,CF10 2NX,JPRCarpentryAndBuildingService
Carpenter,BBS Building Services,BbsBuildingServices@checkatrade.co.uk,N/A,07458 170362,CF10 2NX,BBSBuildingServices
Carpenter,Sycamore Carpentry,SycamoreCarpentry@checkatrade.co.uk,N/A,07458 187774,CF10 2NX,SycamoreCarpentry
Carpenter,CK Carpentry and Construction,CKCarpentryAndConstruction@checkatrade.co.uk,N/A,07458 187664,CF10 2NX,CKCarpentryAndConstruction
Carpenter,LP Carpentry ,LpCarpentry@checkatrade.co.uk,01443 805344,N/A,CF10 2NX,LpCarpentry
Carpenter,Eliza Property Ltd,ElizaPropertyLtd885815@checkatrade.co.uk,N/A,07458 187541,CF10 2NX,ElizaProperty
Carpenter,Ricky Jones Building Services,RickyJonesBuilding@checkatrade.co.uk,N/A,07458 189558,CF10 2NX,RickyJonesBuildingServices
Carpenter,RC Property Care Limited,RcPropertyCare@checkatrade.co.uk,01935 318417,07458 189449,CF10 2NX,RcPropertyCare
Carpenter,Punchline Custom Carpentry ,PunchlineCarpentryServices@checkatrade.co.uk,N/A,07458 187756,CF10 2NX,PunchlineCarpentryServices
Carpenter,Redwell Construction Ltd,RedwellConstructionLtd@checkatrade.co.uk,01452 689963,07458 165865,CF10 2NX,RedwellConstructionLtd
Carpenter,Coombes Carpentry & Building Contractors,CoombesCarpentryAndBuildingContractors@checkatrade.co.uk,N/A,07458 189753,CF10 2NX,CoombesCarpentryAndBuildingContractors
Carpenter,Daniel Gillies Painter & Decorator,N/A,01258 443153,07458 180560,CF10 2NX,DanielGilliesPainterAndDecora
Carpenter,Weymouth Joinery,WeymouthJoinery@checkatrade.co.uk,01305 239469,07458 181712,CF10 2NX,WeymouthJoinery
Carpenter,BSF Developments Ltd,BSFDevelopmentsLtd@checkatrade.co.uk,01202 086959,07458 177914,CF10 2NX,BSFDevelopmentsLtd
Carpenter,Westpark Carpentry & Building Services,WestparkCarpentryAndBuildingServices@checkatrade.co.uk,01202 086702,07458 177007,CF10 2NX,WestparkCarpentryAndBuildingServices
Carpenter,WRB Construction,WrbConstruction@checkatrade.co.uk,0118 2074211,07458 182106,CF10 2NX,WrbConstruction
Carpenter,Oakfords Carpentry & Building Services,OakfordsCarpentryAndBuildingServices@checkatrade.co.uk,01903 952923,N/A,CF10 2NX,OakfordsCarpentryAndBuildingServices
Carpets / Flooring,Hanham Flooring Centre,HanhamFlooringCentre@checkatrade.co.uk,N/A,07458 189576,CF10 2NX,HanhamFlooringCentre
Carpets / Flooring,Eden Hardwood Flooring,EdenHardwoodFlooring@checkatrade.co.uk,N/A,07458 189618,CF10 2NX,EdenHardwoodFlooring
Carpets / Flooring,Western Flooring Company,WesternFlooringCompany@checkatrade.co.uk,0117 4405176,N/A,CF10 2NX,WesternFlooringCompany
Carpets / Flooring,I H Flooring Ltd,IHFlooringLtd@checkatrade.co.uk,N/A,N/A,CF10 2NX,IHFlooringLtd
Carpets / Flooring,Avon Hardwood Flooring Ltd,AvonHardwoodFlooring@checkatrade.co.uk,N/A,07458 189727,CF10 2NX,AvonHardwoodFlooring
Carpets / Flooring,CAT’s Carpets ,CatsCarpets@checkatrade.co.uk,N/A,07458 189368,CF10 2NX,CatsCarpets
Carpets / Flooring,Paul Thomas Bespoke Flooring ,PaulThomasBespokeFlooring@checkatrade.co.uk,01202 086367,07458 178175,CF10 2NX,PaulThomasBespokeFlooring
Carpets / Flooring,Sean Morton Pro Flooring ,SeanMortonProFlooring@checkatrade.co.uk,01202 086616,N/A,CF10 2NX,SeanMortonProFlooring
Carpets / Flooring,Bowes Floor Renovations,BowesFloorRenovations@checkatrade.co.uk,01202 078946,07458 179688,CF10 2NX,BowesFloorRenovations
Carpets / Flooring,Kings Flooring,KingsFlooring@checkatrade.co.uk,01491 529610,07458 182825,CF10 2NX,KingsFlooring
Carpets / Flooring,Flooring Restoration,FloorSandingRestorationLtd@checkatrade.co.uk,01925 931318,07458 175999,CF10 2NX,FloorSandingRestorationLtd
Painter / Decorator,Horwood Decorating,HorwoodDecorating@checkatrade.co.uk,N/A,07458 194757,CF10 2NX,HorwoodDecorating
Painter / Decorator,GM Maintenance,GMmaintenance865727@checkatrade.co.uk,N/A,07458 167477,CF10 2NX,GmMaintenance
Painter / Decorator,Decorfix,N/A,N/A,07488 828543,CF10 2NX,Decorfix
Painter / Decorator,N.Lydiate & Sons Painting and Decorating Services,NlydiateAndSonsPaintingAndDec@checkatrade.co.uk,N/A,07458 189192,CF10 2NX,NlydiateAndSonsPaintingAndDec
Painter / Decorator,Parsons  Decorating  Specialists,ParsonsDecoratingSpecialists878383@checkatrade.co.uk,N/A,N/A,CF10 2NX,ParsonsDecoratingSpecialists
Painter / Decorator,PA Property Maintenance,PaPropertyMaintenance@checkatrade.co.uk,N/A,07458 192628,CF10 2NX,PaPropertyMaintenance
Painter / Decorator,BK Decorating,BKDecorating@checkatrade.co.uk,N/A,07458 187658,CF10 2NX,BKDecorating
Painter / Decorator,SP Decorators,N/A,01443 806607,07458 173189,CF10 2NX,SpDecorators347616
Painter / Decorator,Ecoprotex ,EcoProtexLtd@checkatrade.co.uk,01823 792748,07458 183887,CF10 2NX,EcoProtexLtd
Painter / Decorator,Eden Decorating Services,EdenPropertyServices@checkatrade.co.uk,N/A,07458 187602,CF10 2NX,EdenDecoratingServices
Painter / Decorator,Evolve Decorators,DanHarrisPaintingAndDecorating@checkatrade.co.uk,N/A,07458 189295,CF10 2NX,EvolveDecorators
Painter / Decorator,Sean Saunders Painting & Decorating ,SeanSaundersPaintingandDecorating@checkatrade.co.uk,N/A,07458 189638,CF10 2NX,SeanSaundersPaintingandDecorating
Painter / Decorator,Merlin Decorators (Southwest),MerlinDecoratorsSouthwest@checkatrade.co.uk,N/A,07458 189805,CF10 2NX,MerlinDecoratorsSouthwest
Painter / Decorator,LC Decorators,LCDecorators@checkatrade.co.uk,N/A,07458 165465,CF10 2NX,LCDecorators
Painter / Decorator,Mark Thomas Painting & Decorating,MarkThomasPaintingAndDecorating@checkatrade.co.uk,01452 596611,07458 165149,CF10 2NX,MarkThomasPaintingAndDecorating
Painter / Decorator,TBW Painting Contractors,TBWPaintingContractors@checkatrade.co.uk,01935 318068,07458 171507,CF10 2NX,TBWPaintingContractors
Painter / Decorator,S B Painting and Decorating,SBPaintingAndDecorating@checkatrade.co.uk,N/A,07458 187826,CF10 2NX,SBPaintingAndDecorating
Painter / Decorator,Cardiff Upvc Fascia and Guttering Company,CardiffUpvcFasciaandGutteringC@checkatrade.co.uk,N/A,07458 187703,CF10 2NX,CardiffUpvcFasciaandGutteringCompany
Painter / Decorator,LD Painting & Decorating,LdPaintingAndDecorating@checkatrade.co.uk,N/A,07458 175019,CF10 2NX,LdPaintingAndDecorating
Painter / Decorator,A J Painting and Decorating Services,AJPaintingandDecoratingService@checkatrade.co.uk,N/A,07458 187622,CF10 2NX,AJPaintingandDecoratingService
Painter / Decorator,John James Painter and Decorator ,JohnJamesPainterAndDecorator@checkatrade.co.uk,N/A,07458 187668,CF10 2NX,JohnJamesPainterAndDecorator
Painter / Decorator,Decorama Ltd,Decorama@checkatrade.co.uk,01934 316031,07458 189433,CF10 2NX,Decorama
Painter / Decorator,GB Painting & Decorating,N/A,N/A,07488 847035,CF10 2NX,GBPaintingAndDecorating880588
Painter / Decorator,C J Keogh Property Solutions,CJKeoghPropertySolutions@checkatrade.co.uk,N/A,07458 189830,CF10 2NX,CJKeoghPropertySolutions
Painter / Decorator,L A Painters And Decorators,LAPaintersAndDecorators@checkatrade.co.uk,01792 966223,07458 187685,CF10 2NX,LAPaintersAndDecorators
Painter / Decorator,BCI Painting and Decorating ,BciPaintingAndDecorating@checkatrade.co.uk,N/A,07458 189356,CF10 2NX,BciPaintingAndDecorating
Painter / Decorator,Daniel Gillies Painter & Decorator,N/A,01258 443153,07458 180560,CF10 2NX,DanielGilliesPainterAndDecora
Painter / Decorator,Matthews Painting & Decorating,MatthewsPaintingAndDecorating@checkatrade.co.uk,01202 086606,07458 176420,CF10 2NX,MatthewsPaintingAndDecorating
Painter / Decorator,Peter Plastering ,PeterPlastering@checkatrade.co.uk,N/A,07458 178044,CF10 2NX,PeterPlastering
Painter / Decorator,Tekton Solutions Ltd,TektonSolutions@checkatrade.co.uk,01202 091003,07458 180036,CF10 2NX,TektonSolutions
Painter / Decorator,K J Harvey Painting and Decorating,KJHarveyPaintingAndDecorating@checkatrade.co.uk,N/A,07458 180494,CF10 2NX,KJHarveyPaintingAndDecorating
Painter / Decorator,Wights Painting & Decorators,WightsPaintingAndDecorating@checkatrade.co.uk,N/A,07458 168555,CF10 2NX,WightsPaintingandDecorating
Painter / Decorator,AMP Da Silva Painting & Decorating Ltd,AmpDaSilvaPaintingAndDecoratin@checkatrade.co.uk,01902 916394,07458 165701,CF10 2NX,AmpDaSilvaPaintingAndDecoratin
Painter / Decorator,Red Rose,RedRose@checkatrade.co.uk,0121 7289308,07458 172992,CF10 2NX,RedRose
Painter / Decorator,G.D.Decor,Gddecor@checkatrade.co.uk,N/A,N/A,CF10 2NX,Gddecor
Locksmith,TPS Locksmiths Cardiff,TPSLocksmithsCardiff@checkatrade.co.uk,N/A,07458 187760,CF10 2NX,TPSLocksmithsCardiff
Locksmith,D R Locksmith,N/A,N/A,07488 819137,CF10 2NX,DRLocksmith987357
Locksmith,Keytek Locksmiths,N/A,N/A,N/A,CF10 2NX,KeytekLocksmiths
Locksmith,Lockmasters Mobile,LockmastersMobileSheffield@checkatrade.co.uk,N/A,N/A,CF10 2NX,LockmastersMobileSheffield
Locksmith,Crosskeys Carpentry & Locksmiths,CrosskeysCarpentryLocksmiths872010@checkatrade.co.uk,N/A,07488 817163,CF10 2NX,CrosskeysCarpentryLocksmiths
Locksmith,Baldwin Locksmiths Ltd,BaldwinLocksmiths@checkatrade.co.uk,N/A,07458 187615,CF10 2NX,BaldwinLocksmiths
Locksmith,City Locksmiths Gwent Ltd,CityLocksmithsGwentLtd@checkatrade.co.uk,01633 987545,07488 836413,CF10 2NX,CityLocksmithsGwentLtd
Locksmith,Miles Window Systems,MilesWindowSystems@checkatrade.co.uk,N/A,07458 189732,CF10 2NX,MilesWindowSystems
Garage Doors,"Abacus Garage Doors & Gates, Security Limited ",AbacusGarageDoors@checkatrade.co.uk,N/A,N/A,CF10 2NX,AbacusGarageDoors
Garage Doors,Dorset Garage Doors Limited,DorsetGarageDoors@checkatrade.co.uk,N/A,07458 189229,CF10 2NX,DorsetGarageDoors
Garage Doors,Acadia Windows & Doors Limited,AcadiaWindowsAndDoors@checkatrade.co.uk,N/A,07458 189427,CF10 2NX,AcadiaWindowsAndDoors
Garage Doors,B&L Shutters Limited,BandlShuttersAndGarageDoors@checkatrade.co.uk,0121 7289066,N/A,CF10 2NX,BandlShuttersAndGarageDoors
Garage Doors,Skandoor,Skandoor@checkatrade.co.uk,01962 392722,N/A,CF10 2NX,Skandoor
Garage Doors,Byron Doors Limited,ByronDoorsLimited@checkatrade.co.uk,N/A,07458 188860,CF10 2NX,ByronDoorsLimited
Plumber,A.T.H.Plumbing and Maintenance,AthplumbingAndMaintenance@checkatrade.co.uk,N/A,07458 187795,CF10 2NX,AthplumbingAndMaintenance
Plumber,BTM Plumbing & Building Services,BTMPlumbingAndBuildingServices@checkatrade.co.uk,N/A,07458 187755,CF10 2NX,BTMPlumbingAndBuildingServices
Plumber,Limegreen,Limegreen@checkatrade.co.uk,N/A,N/A,CF10 2NX,Limegreen
Plumber,Osmond's Plumbing and Heating,N/A,N/A,07488 828908,CF10 2NX,OsmondsPlumbingandHeating991236
Plumber,Mike James Heating & Plumbing,MikeJamesHeatingAndPlumbing@checkatrade.co.uk,N/A,07458 187768,CF10 2NX,MikeJamesHeatingAndPlumbing
Plumber,Oliver Services,N/A,N/A,07488 838216,CF10 2NX,OliverServices985238
Plumber,MHL Plumbing Services,MHLPlumbingServices872939@checkatrade.co.uk,N/A,07488 816717,CF10 2NX,MhlPlumbingServices
Plumber,Dyno-Plumbing,N/A,N/A,N/A,CF10 2NX,DynoPlumbing934573
Plumber,MPH Plumbing & Heating,MPHPlumbingandHeating@checkatrade.co.uk,N/A,N/A,CF10 2NX,MPHPlumbingandHeating
Plumber,Q H I,QHI@checkatrade.co.uk,01633 987563,07458 187693,CF10 2NX,QHI
Plumber,Element Gas,ElementGas@checkatrade.co.uk,N/A,N/A,CF10 2NX,ElementGas
Plumber,Central Heating Services UK Ltd,CentralHeatingServicesUk@checkatrade.co.uk,01656 339033,07458 187612,CF10 2NX,CentralHeatingServicesUk
Plumber,Clive Adams,CliveAdams@checkatrade.co.uk,N/A,07458 189346,CF10 2NX,CliveAdams
Plumber,D Barnes Plumbing and Heating,DBarnesPlumbingAndHeating@checkatrade.co.uk,N/A,07458 189357,CF10 2NX,DBarnesPlumbingAndHeating
Plumber,R L Plumbing & Heating,RLPlumbingandHeatingAbergavenny@checkatrade.co.uk,N/A,07458 187730,CF10 2NX,RLPlumbingandHeatingAbergavenny
Plumber,Williams SW Ltd,WilliamsPlumbingandHeatingSWLtd@checkatrade.co.uk,0117 4405062,N/A,CF10 2NX,WilliamsSWLtd445945
Plumber,Mike's Plumbing Services,N/A,N/A,07488 850927,CF10 2NX,MikesPlumbingServices
Plumber,Drain Away (Bristol),DrainAwayBristol@checkatrade.co.uk,N/A,07458 189234,CF10 2NX,DrainAwayBristol
Plumber,NJB Plumbing & Heating,NJBPlumbingAndHeating@checkatrade.co.uk,N/A,07458 189260,CF10 2NX,NJBPlumbingAndHeating
Plumber,D.O. Renovation,DORenovation@checkatrade.co.uk,N/A,07458 189838,CF10 2NX,DORenovation
Plumber,FlameSafe Plumbing & Heating Ltd,FlameSafePlumbingandHeatingBristol@checkatrade.co.uk,N/A,07458 189500,CF10 2NX,FlameSafePlumbingandHeatingLtd
Plumber,"h2flow Plumbing, Heating & Gas",H2flowPlumbing@checkatrade.co.uk,N/A,07458 187688,CF10 2NX,H2flowPlumbing
Plumber,Collingwood Plumbing,CollingwoodPlumbing@checkatrade.co.uk,N/A,07458 171458,CF10 2NX,CollingwoodPlumbing
Plumber,Jjm The Plumbers Ltd,N/A,N/A,07488 841772,CF10 2NX,JjmThePlumbers991251
Plumber,"Green Flame Plumbing, Heating & Renewables",N/A,01452 689953,07458 165329,CF10 2NX,GreenFlamePlumbingHeatingAndRenewables
Plumber,Hollis Plumbing & Gas Ltd,HollisPlumbingAndGas@checkatrade.co.uk,N/A,07458 187625,CF10 2NX,HollisPlumbingAndGas
Plumber,Flux Heating and Plumbing Ltd,FluxHeatingAndPlumbingLtd@checkatrade.co.uk,N/A,N/A,CF10 2NX,FluxHeatingAndPlumbingLtd
Plumber,MRM Plumbing and Heating ,MRMPlumbingAndHeating@checkatrade.co.uk,N/A,07458 187762,CF10 2NX,MRMPlumbingAndHeating
Plumber,GW plumbing and heating,N/A,N/A,07488 838155,CF10 2NX,GWplumbingandheating867612
Plumber,TSL Heating & Plumbing Ltd,TslHeatingAndPlumbing@checkatrade.co.uk,01633 987581,N/A,CF10 2NX,TslHeatingAndPlumbing
Plumber,Colin Freeman Plumbing & Heating,ColinFreemanPlumbingAndHeating@checkatrade.co.uk,N/A,07458 189796,CF10 2NX,ColinFreemanPlumbingAndHeating
Plumber,Kelly Plumbing Heating & Gas,N/A,01934 314748,N/A,CF10 2NX,KellyPlumbingHeatingAndGas
Plumber,TA8 Electrical and Heating Services Ltd,Ta8ElectricalAndHeatingService@checkatrade.co.uk,01278 558533,07458 189342,CF10 2NX,Ta8ElectricalAndHeatingService
Plumber,LMG Services,N/A,N/A,07488 837286,CF10 2NX,LmgServices
Plumber,Geco Plumbing Co,GecoGroup@checkatrade.co.uk,N/A,07458 187676,CF10 2NX,GecoPlumbingCo
Plumber,Rob Parker Plumbing & Heating,RobParkerPlumbingAndHeating@checkatrade.co.uk,N/A,07458 189679,CF10 2NX,RobParkerPlumbingAndHeating
Plumber,Redline Plumbing and Heating,RedlinePlumbingAndHeating@checkatrade.co.uk,N/A,07458 189246,CF10 2NX,RedlinePlumbingAndHeating
Plumber,Tonic Engineering Services Ltd,TonicEngineeringServicesLtd@checkatrade.co.uk,N/A,07458 189562,CF10 2NX,TonicEngineeringServicesLtd
Plumber,M.S.M Plumbing & Heating,MSMPlumbingandHeating@checkatrade.co.uk,N/A,07458 189457,CF10 2NX,MSMPlumbingandHeating
Plumber,Taps-On Plumbing & Heating,TapsonPlumbingAndHeating@checkatrade.co.uk,N/A,07458 189296,CF10 2NX,TapsonPlumbingAndHeating
Plumber,K J Bathrooms ,KJBathrooms@checkatrade.co.uk,N/A,07458 189310,CF10 2NX,KJBathrooms
Plumber,R M Blake ,RMBlake@checkatrade.co.uk,01792 966218,07458 187607,CF10 2NX,RMBlake
Plumber,LSV Water ,LsvWater@checkatrade.co.uk,N/A,07458 194854,CF10 2NX,LsvWater
Plumber,Warmserve Services Ltd,WarmservePlumbingAndHeatingLtd@checkatrade.co.uk,01792 966230,N/A,CF10 2NX,WarmserveServicesLtd
Plumber,Radox Radiators Ltd,RadoxRadiators@checkatrade.co.uk,01225 536776,07458 183856,CF10 2NX,RadoxRadiators
Plumber,The Drain Experts (Southern) Ltd,TheDrainExperts371298@checkatrade.co.uk,01425 208912,N/A,CF10 2NX,TheDrainExperts371298
Plumber,"Plumbing, Heating & Drainage Ltd",N/A,N/A,07458 179854,CF10 2NX,PlumbingHeatingandDrainageLtd
Plumber,TP Plumbing Services (Dorset Ltd) ,TPPlumbingServices@checkatrade.co.uk,01202 086884,07458 177417,CF10 2NX,TPPlumbingServices
Plumber,Drain & Plumbing Solutions Ltd,DrainAndPlumbingSolutions@checkatrade.co.uk,01202 086732,07458 178367,CF10 2NX,DrainAndPlumbingSolutions
Plumber,Maddocks Plumbing & Heating Ltd,N/A,N/A,07458 177234,CF10 2NX,MaddocksPlumbingandHeating
Plumber,Ecoheat Smart Solutions,EcoheatSmartSolutions@checkatrade.co.uk,N/A,07458 165495,CF10 2NX,EcoheatSmartSolutions
Plumber,THH Services Limited T/A Dyno-Plumbing,THHServicesPlumbing@checkatrade.co.uk,01952 983335,N/A,CF10 2NX,THHServicesLimited
Drain / Sewer Clearance,Aquablast Drain Services Ltd,AquablastDrainServices@checkatrade.co.uk,01934 319016,N/A,CF10 2NX,AquablastDrainServices
Drain / Sewer Clearance,All Drainage Services Ltd,AllDrainageServices@checkatrade.co.uk,N/A,07458 189422,CF10 2NX,AllDrainageServices
Drain / Sewer Clearance,Loveridge Drainage Ltd,N/A,01202 086273,07458 174123,CF10 2NX,LoveridgeDrainageLtd
Drain / Sewer Clearance,Fast Fix Drainage & Plumbing Ltd,DynoRodWessex@checkatrade.co.uk,0117 4506889,N/A,CF10 2NX,DynoRodWessex
Drain / Sewer Clearance,Flow Sure Drains,FlowSureDrains@checkatrade.co.uk,0117 4506897,N/A,CF10 2NX,FlowSureDrains
Drain / Sewer Clearance,Burnbridge Services Limited,N/A,01278 557800,07488 838641,CF10 2NX,BurnbridgeServices
Drain / Sewer Clearance,Drain Away (Bristol),DrainAwayBristol@checkatrade.co.uk,N/A,07458 189234,CF10 2NX,DrainAwayBristol
Drain / Sewer Clearance,A.M.S. Drain Services Ltd,AMSDrainServices@checkatrade.co.uk,0117 4506557,N/A,CF10 2NX,AMSDrainServices
Drain / Sewer Clearance,First Drainage,N/A,N/A,07488 846007,CF10 2NX,FirstDrainage
Drain / Sewer Clearance,MJ Abbott Limited,N/A,01722 445200,07458 176875,CF10 2NX,MJAbbottLimited
Drain / Sewer Clearance,The Drain Experts (Southern) Ltd,TheDrainExperts371298@checkatrade.co.uk,01425 208912,N/A,CF10 2NX,TheDrainExperts371298
Drain / Sewer Clearance,Drain & Plumbing Solutions Ltd,DrainAndPlumbingSolutions@checkatrade.co.uk,01202 086732,07458 178367,CF10 2NX,DrainAndPlumbingSolutions
Drain / Sewer Clearance,MZR Drainage Services,MZRPlumbingandDrainageBirmingham@checkatrade.co.uk,0121 7289075,N/A,CF10 2NX,MZRDrainageServices
Drain / Sewer Clearance,Bentley Drains ,BentleyDrains@checkatrade.co.uk,01274 888100,07458 192183,CF10 2NX,BentleyDrains
Kitchens,Steve Rees Kitchens Limited,N/A,N/A,N/A,CF10 2NX,SteveReesKitchens
Kitchens,Kingdom Renovations Limited,N/A,N/A,07488 819775,CF10 2NX,KingdomRenovationsLimited988660
Kitchens,Distinct Kitchens Ltd,DistinctWorktopsLTD871600@checkatrade.co.uk,01633 987550,N/A,CF10 2NX,DistinctKitchensLtd
Kitchens,CK Carpentry and Construction,CKCarpentryAndConstruction@checkatrade.co.uk,N/A,07458 187664,CF10 2NX,CKCarpentryAndConstruction
Kitchens,Complete Kitchens & Beautiful Bathrooms,CompleteKitchensAndBeautifulBa@checkatrade.co.uk,01633 987577,07458 187830,CF10 2NX,CompleteKitchensAndBeautifulBa
Kitchens,Dream Doors (Cardiff),DreamDoorsCardiff@checkatrade.co.uk,N/A,07458 187822,CF10 2NX,DreamDoorsCardiff
Kitchens,MWL Installations,MwlInstallations@checkatrade.co.uk,N/A,07458 168685,CF10 2NX,MwlInstallations
Kitchens,Q H I,QHI@checkatrade.co.uk,01633 987563,07458 187693,CF10 2NX,QHI
Kitchens,Prestige Building Specialists,PrestigeBuildingSpecialists@checkatrade.co.uk,N/A,07458 189530,CF10 2NX,PrestigeBuildingSpecialists
Kitchens,1 SpaceProjects,1Spaceprojects@checkatrade.co.uk,N/A,07458 170765,CF10 2NX,1Spaceprojects
Kitchens,Alan Gwillim & Son,N/A,N/A,07458 174883,CF10 2NX,AlanGwillimAndSonTredegar
Kitchens,MM Building and Construction,MMBuildingandConstruction@checkatrade.co.uk,01685 709619,07458 187691,CF10 2NX,MMBuildingandConstruction
Kitchens,JMI Bathrooms Limited,JmiBathrooms@checkatrade.co.uk,N/A,N/A,CF10 2NX,JmiBathrooms
Kitchens,Acorn Woodwork Ltd,AcornWoodwork@checkatrade.co.uk,01823 792739,N/A,CF10 2NX,AcornWoodwork
Kitchens,Eaton Stonemasons Ltd,EatonStonemasons@checkatrade.co.uk,01929 508249,N/A,CF10 2NX,EatonStonemasons
Kitchens,Change Of Style Granite & Stone Ltd,ChangeOfStyleGraniteAndStone@checkatrade.co.uk,N/A,N/A,CF10 2NX,ChangeOfStyleGraniteAndStone
Kitchens,Mayfair Granite,MayfairGranite@checkatrade.co.uk,01274 037977,07458 192351,CF10 2NX,MayfairGranite
Driveways / Patios / Paths,Q & D Paving,N/A,N/A,07488 819306,CF10 2NX,QAndDPaving988818
Driveways / Patios / Paths,Pattern Drives and Walls Ltd,N/A,N/A,07458 167733,CF10 2NX,PatternDrivesAndWallsLtd
Driveways / Patios / Paths,JD Home Improvements & Son Ltd ,JDHomeImprovementsandSonLtd@checkatrade.co.uk,0117 4405201,07458 189230,CF10 2NX,JDHomeImprovementsandSonLtd
Driveways / Patios / Paths,T Attwell Services ,TAttwellServices@checkatrade.co.uk,N/A,07458 189298,CF10 2NX,TAttwellServices
Driveways / Patios / Paths,SRC (SR Contractors),AllianceBuildingSolutions@checkatrade.co.uk,0117 4506592,07458 189647,CF10 2NX,SRCSRContractors
Driveways / Patios / Paths,THM Construction Wiltshire,ThmConstructionWiltshire@checkatrade.co.uk,N/A,N/A,CF10 2NX,ThmConstructionWiltshire
Driveways / Patios / Paths,Pro Fence and Landscapes,ProFenceAndLandscapes@checkatrade.co.uk,01531 806105,07458 188117,CF10 2NX,ProFenceAndLandscapes
Driveways / Patios / Paths,H & F Paving,HAndFPaving@checkatrade.co.uk,N/A,07488 817801,CF10 2NX,HAndFPaving
Driveways / Patios / Paths,Total Property Solutions,TotalPropertySolutions@checkatrade.co.uk,N/A,07458 187802,CF10 2NX,TotalPropertySolutions
Driveways / Patios / Paths,Heritage Paving,HeritagePavingCardiff@checkatrade.co.uk,N/A,07458 187744,CF10 2NX,HeritagePavingCardiff
Driveways / Patios / Paths,Property Care ,PropertyCareCardiff@checkatrade.co.uk,N/A,07458 187629,CF10 2NX,PropertyCareCardiff
Driveways / Patios / Paths,Ocean Stone Landscaping,OceanStoneAndLandscaping@checkatrade.co.uk,N/A,N/A,CF10 2NX,OceanStoneAndLandscaping
Driveways / Patios / Paths,Gwent Groundworks ,N/A,01633 987556,07458 181302,CF10 2NX,GwentGroundworks
Driveways / Patios / Paths,No1 Affordable Driveways Ltd,No1AffordableDrivewaysLtd@checkatrade.co.uk,N/A,07458 169103,CF10 2NX,No1AffordableDrivewaysLtd
Driveways / Patios / Paths,Collins Build Ltd,Collinsbuild@checkatrade.co.uk,N/A,07458 174663,CF10 2NX,Collinsbuild
Driveways / Patios / Paths,J Jones Landscapes,JJonesTreeAndGardenServices@checkatrade.co.uk,01495 366055,07458 174080,CF10 2NX,JJonesLandscapes
Driveways / Patios / Paths,West Country Paving,WestCountryPaving@checkatrade.co.uk,N/A,07458 189744,CF10 2NX,WestCountryPaving
Driveways / Patios / Paths,Arrow Paving,N/A,01495 366018,07488 834399,CF10 2NX,ArrowPaving993210
Driveways / Patios / Paths,Floydies Limited,Floydies@checkatrade.co.uk,01656 339031,07458 169754,CF10 2NX,Floydies
Driveways / Patios / Paths,Mr Lovell & Son,MrLovellAndSon@checkatrade.co.uk,01454 804863,07488 836009,CF10 2NX,MrLovellAndSon
Driveways / Patios / Paths,BC Driveways,BCDriveways@checkatrade.co.uk,0117 4405195,07458 189273,CF10 2NX,BCDriveways
Driveways / Patios / Paths,WePave,Wepave@checkatrade.co.uk,N/A,07488 823136,CF10 2NX,Wepave
Driveways / Patios / Paths,S. Bevan Tree Care & Landscaping Services,SBevanTreeCareandLandscapingServices@checkatrade.co.uk,01458 550213,07458 189602,CF10 2NX,SBevanTreeCareandLandscapingServices
Driveways / Patios / Paths,A & G Surfacing,AandgSurfacing@checkatrade.co.uk,N/A,07458 189436,CF10 2NX,AandgSurfacing
Driveways / Patios / Paths,G Sheldon Groundworks and Surfacing,GSheldonGroundworksandSurfacing865032@checkatrade.co.uk,N/A,07488 816403,CF10 2NX,GSheldonGroundworksAndSurfaci
Driveways / Patios / Paths,Southern County's Resin,SouthernCountysResin@checkatrade.co.uk,N/A,N/A,CF10 2NX,SouthernCountysResin
Driveways / Patios / Paths,Wiltshire Paving Ltd,N/A,N/A,07458 189244,CF10 2NX,WiltshirePaving
Driveways / Patios / Paths,Atlantic Highway Groundworks Ltd,AtlanticHighwayGroundworks@checkatrade.co.uk,01237 875125,07458 181599,CF10 2NX,AtlanticHighwayGroundworks
Driveways / Patios / Paths,The Driveway Centre,TheDrivewayCentre@checkatrade.co.uk,01258 443124,07458 180572,CF10 2NX,TheDrivewayCentre
Driveways / Patios / Paths,JHB UK Ltd,JhbUkLtd@checkatrade.co.uk,01626 247840,N/A,CF10 2NX,JhbUkLtd
Driveways / Patios / Paths,Idream Solutions ltd,IdreamSolutionsLtd@checkatrade.co.uk,01626 244491,07458 173028,CF10 2NX,IdreamSolutionsLtd
Driveways / Patios / Paths,Patios & Paving (SW) Limited ,DPGDrivewayPropertyandGardenRe@checkatrade.co.uk,01803 225033,N/A,CF10 2NX,Patiosandpavingsouthwestltd
Driveways / Patios / Paths,PGS Building Contractors Ltd,PgsBuildingContractors@checkatrade.co.uk,01202 086627,07458 176516,CF10 2NX,PgsBuildingContractors
Driveways / Patios / Paths,Bamboo Landscapes,BambooLandscapes@checkatrade.co.uk,01202 086931,07458 177691,CF10 2NX,BambooLandscapes
Driveways / Patios / Paths,Transform Paving Ltd,TransformPaving@checkatrade.co.uk,01747 445590,07458 176675,CF10 2NX,TransformPaving
Driveways / Patios / Paths,Newbury Construction & Surfacing Ltd,NewburyConstructionAndSurfacingLtd@checkatrade.co.uk,01635 017893,07458 183319,CF10 2NX,NewburyConstructionAndSurfacingLtd
Driveways / Patios / Paths,Ready Build Home Improvements Ltd,ReadyBuildHomeImprovementsLtd@checkatrade.co.uk,N/A,07458 187929,CF10 2NX,ReadyBuildHomeImprovementsLtd
Driveways / Patios / Paths,G.Young Brickwork,GyoungBrickwork@checkatrade.co.uk,N/A,07458 188484,CF10 2NX,GyoungBrickwork
Driveways / Patios / Paths,Re Designs South Ltd ,ReDesignSouthLtd@checkatrade.co.uk,01489 532209,07458 179170,CF10 2NX,ReDesignSouthLtd
Driveways / Patios / Paths,TML Contractors (UK) Ltd,TMLConstructionLtd@checkatrade.co.uk,01279 358694,07488 832330,CF10 2NX,TMLConstructionLtd
Groundworks,Sherwood Groundworks Limited,N/A,N/A,07488 843042,CF10 2NX,SHERWOODGROUNDWORKSLIMITED963482
Groundworks,MQ Groundworks,N/A,N/A,07488 851287,CF10 2NX,MQGroundworks
Groundworks,Innovation Build,InnovationBuild@checkatrade.co.uk,N/A,07458 189108,CF10 2NX,InnovationBuild
Groundworks,Goode Building Services ,Goodebuildingservices@checkatrade.co.uk,N/A,07458 187804,CF10 2NX,Goodebuildingservices
Groundworks,Probert and Mumford,ProbertAndMumford@checkatrade.co.uk,N/A,07458 169358,CF10 2NX,ProbertAndMumford
Groundworks,Prestige Building Specialists,PrestigeBuildingSpecialists@checkatrade.co.uk,N/A,07458 189530,CF10 2NX,PrestigeBuildingSpecialists
Groundworks,IP Contract Services Ltd,IPContractServices@checkatrade.co.uk,N/A,07458 189186,CF10 2NX,IPContractServices
Groundworks,CSW Loft Conversions Ltd,CswLoftConversionsLtd@checkatrade.co.uk,0117 4506581,07458 189581,CF10 2NX,CswLoftConversionsLtd
Groundworks,G H Construction Bath Ltd,Ghconstruction@checkatrade.co.uk,N/A,07458 171268,CF10 2NX,GhConstructionBathLimited
Groundworks,Surebuild,Surebuild@checkatrade.co.uk,N/A,07458 189584,CF10 2NX,Surebuild
Groundworks,SW Builders ,SwBuilders519298@checkatrade.co.uk,N/A,07458 168876,CF10 2NX,SwBuilders519298
Groundworks,Newbury Construction & Surfacing Ltd,NewburyConstructionAndSurfacingLtd@checkatrade.co.uk,01635 017893,07458 183319,CF10 2NX,NewburyConstructionAndSurfacingLtd
Groundworks,Liam Shields Construction,LiamShieldsConstruction@checkatrade.co.uk,N/A,07458 165467,CF10 2NX,LiamShieldsConstruction
Groundworks,Franki Foundations UK LTD,FrankiFoundationsUKLTD@checkatrade.co.uk,01489 532196,N/A,CF10 2NX,FrankiFoundationsUKLTD
Telecommunications,Abacus Aerials,AbacusAerials@checkatrade.co.uk,01202 078937,07458 179640,CF10 2NX,AbacusAerials
Telecommunications,R & S Communications,RandSCommunications@checkatrade.co.uk,N/A,07458 176467,CF10 2NX,RandSCommunications
Landscaper,Janson & Sons Building & Landscaping,JansonandSonBuildingandLandscaper865976@checkatrade.co.uk,N/A,07458 194785,CF10 2NX,JansonAndSonBuildingAndLandscaper
Landscaper,Evoke Fencing & Landscapes ,N/A,01873 777225,07488 837877,CF10 2NX,EvokeGroundsMaintenanceLtd
Landscaper,D&D Construction,N/A,N/A,07488 817316,CF10 2NX,DAndDConstruction989335
Landscaper,T Lealman Trees & Landscaping,N/A,0118 2074004,N/A,CF10 2NX,TLealmanTreesAndLandscaping
Landscaper,Pro Fence and Landscapes,ProFenceAndLandscapes@checkatrade.co.uk,01531 806105,07458 188117,CF10 2NX,ProFenceAndLandscapes
Landscaper,M.R Garden Services,M.RGardenServices880417@checkatrade.co.uk,N/A,07488 815357,CF10 2NX,MrGardenServices
Landscaper,TP Landscapes,TpLandacapes@checkatrade.co.uk,01433 449839,07458 187842,CF10 2NX,TpLandacapes
Landscaper,DRB Properties,DRBProperties@checkatrade.co.uk,N/A,07458 189522,CF10 2NX,DRBProperties
Landscaper,West Country Tree and Garden Maintenance,N/A,N/A,07458 168244,CF10 2NX,WestCountryTreeAndGardenMaintenance
Landscaper,T Attwell Services ,TAttwellServices@checkatrade.co.uk,N/A,07458 189298,CF10 2NX,TAttwellServices
Landscaper,Craig West Turf Ltd,CraigWestTurf@checkatrade.co.uk,0117 4405191,N/A,CF10 2NX,CraigWestTurfLtd
Landscaper,THM Construction Wiltshire,ThmConstructionWiltshire@checkatrade.co.uk,N/A,N/A,CF10 2NX,ThmConstructionWiltshire
Landscaper,SC Landscaping & Tree Surgery,ColbournGardeningLandscaping@checkatrade.co.uk,N/A,07458 189444,CF10 2NX,ScLandscapingAndTreeSurgery
Landscaper,S. Bevan Tree Care & Landscaping Services,SBevanTreeCareandLandscapingServices@checkatrade.co.uk,01458 550213,07458 189602,CF10 2NX,SBevanTreeCareandLandscapingServices
Landscaper,A & G Surfacing,AandgSurfacing@checkatrade.co.uk,N/A,07458 189436,CF10 2NX,AandgSurfacing
Landscaper,Idream Solutions ltd,IdreamSolutionsLtd@checkatrade.co.uk,01626 244491,07458 173028,CF10 2NX,IdreamSolutionsLtd
Landscaper,Patios & Paving (SW) Limited ,DPGDrivewayPropertyandGardenRe@checkatrade.co.uk,01803 225033,N/A,CF10 2NX,Patiosandpavingsouthwestltd
Landscaper,Bamboo Landscapes,BambooLandscapes@checkatrade.co.uk,01202 086931,07458 177691,CF10 2NX,BambooLandscapes
Landscaper,Soane Gardening Services,SoaneGardeningServices@checkatrade.co.uk,01256 597876,07458 182473,CF10 2NX,SoaneGardeningServices
Landscaper,Ready Build Home Improvements Ltd,ReadyBuildHomeImprovementsLtd@checkatrade.co.uk,N/A,07458 187929,CF10 2NX,ReadyBuildHomeImprovementsLtd
Air Conditioning,Air Cooling & Heating Ltd,AircoolingAndHeatingLtd@checkatrade.co.uk,N/A,07458 169901,CF10 2NX,AircoolingAndHeatingLtd
Air Conditioning,Elliott Environmental Services Ltd,ElliottEnvironmentalServicesLtd@checkatrade.co.uk,N/A,N/A,CF10 2NX,ElliottEnvironmentalServicesLtd
Air Conditioning,AJM Electrical Services (SW) Ltd,AjmElectricalServices@checkatrade.co.uk,N/A,07458 189261,CF10 2NX,AjmElectricalServices
Air Conditioning,Meridian Air Conditioning Ltd,MeridianAirConditioning@checkatrade.co.uk,01202 086696,N/A,CF10 2NX,MeridianAirConditioning
Air Conditioning,Solace Air Conditioning Ltd,SolaceAirConditioning@checkatrade.co.uk,N/A,N/A,CF10 2NX,SolaceAirConditioningLtd
Air Conditioning,ADS Cooling Ltd,ADSCoolingLtd@checkatrade.co.uk,01489 532260,N/A,CF10 2NX,ADSCoolingLtd
Air Conditioning,TCL Air Conditioning Ltd,TclAirConditioning@checkatrade.co.uk,01798 309865,N/A,CF10 2NX,TclAirConditioning
Rubbish / Waste / Clearance ,Clear Out Cardiff,ClearOutCardiff@checkatrade.co.uk,N/A,07458 191027,CF10 2NX,ClearOutCardiff
Rubbish / Waste / Clearance ,Dumpawaste Ltd,DumpawasteLtd862599@checkatrade.co.uk,N/A,07458 179123,CF10 2NX,Dumpawaste
Rubbish / Waste / Clearance ,Waste Wiser Ltd,WasteWiserLtd882025@checkatrade.co.uk,01205 332318,07488 821117,CF10 2NX,WasteWiser
Rubbish / Waste / Clearance ,Dorset Rubbish Collections,DorsetRubbishCollections@checkatrade.co.uk,N/A,07458 177084,CF10 2NX,DorsetRubbishCollections
Rubbish / Waste / Clearance ,Black and White Transport ,BlackandWhiteTransport@checkatrade.co.uk,01202 086678,07458 176796,CF10 2NX,BlackandWhiteTransport
Rubbish / Waste / Clearance ,Bournemouth & Poole House Clearance,N/A,01202 086776,07458 178556,CF10 2NX,BournemouthandPooleHouseClearance
Plasterer,Price Home Developments,PriceHomeDevelopments@checkatrade.co.uk,N/A,N/A,CF10 2NX,PriceHomeDevelopments
Plasterer,H Herbert Plumbing Services,HHerbertPlumbingServices881540@checkatrade.co.uk,N/A,07488 821492,CF10 2NX,HHerbertPlumbingServices
Plasterer,B.W Plastering ,B.WPlasteringandRendering875107@checkatrade.co.uk,01623 708016,N/A,CF10 2NX,BwPlasteringAndRendering
Plasterer,Res Venetian,N/A,N/A,07488 851529,CF10 2NX,ResVenetian987294
Plasterer,RW Plastering,N/A,N/A,07488 832626,CF10 2NX,RwPlastering
Plasterer,Gorilla Plastering & Construction ,GorillaPlasteringand@checkatrade.co.uk,01934 314754,N/A,CF10 2NX,GorillaPlasteringAndConstructi
Plasterer,MJ Cook Plastering ,MJCookPlastering@checkatrade.co.uk,N/A,07458 189450,CF10 2NX,MJCookPlastering
Plasterer,CMH Home Improvements,N/A,N/A,07458 168502,CF10 2NX,CmhHomeImprovements
Plasterer,IP Contract Services Ltd,IPContractServices@checkatrade.co.uk,N/A,07458 189186,CF10 2NX,IPContractServices
Plasterer,Griffin Plastering Services,GriffinPlasteringServices@checkatrade.co.uk,N/A,07458 187644,CF10 2NX,GriffinPlasteringServices
Plasterer,Jetnor Elezi Plastering Ltd,JetnorElezi@checkatrade.co.uk,N/A,07458 187648,CF10 2NX,JetnorEleziPlasteringLtd
Plasterer,South Wales Plastering & Renovations,SawPlastering@checkatrade.co.uk,01446 500568,07488 820657,CF10 2NX,SouthWalesPlasteringAndRenovations834123
Plasterer,BL Plastering South East Wales,BLPlasteringSouthEastWales@checkatrade.co.uk,N/A,07488 815864,CF10 2NX,BLPlasteringSouthEastWales443098
Plasterer,BD Plastering and Maintenance ,BDPlasteringandMaintenance@checkatrade.co.uk,N/A,07458 189168,CF10 2NX,BDPlasteringandMaintenance
Plasterer,Ashton And Southville Plastering and Damp Proofing,AshtonAndSouthvillePlastering@checkatrade.co.uk,N/A,07458 189585,CF10 2NX,AshtonAndSouthvillePlastering
Plasterer,Celtic Professionals,CelticProfessionals@checkatrade.co.uk,01656 339030,07458 169671,CF10 2NX,CelticProfessionals
Plasterer,M&S Builders,N/A,0117 4506602,07458 189462,CF10 2NX,MAndSBuilders
Plasterer,Asante Plastering Ltd,AsantePlasteringLtd@checkatrade.co.uk,N/A,07458 189580,CF10 2NX,AsantePlasteringLtd
Plasterer,K D Plastering Services,KDPlasteringServices@checkatrade.co.uk,N/A,07458 189642,CF10 2NX,KDPlasteringServices
Plasterer,G M Roberts Plastering,GMRobertsPlastering871169@checkatrade.co.uk,N/A,07488 817558,CF10 2NX,GMRobertsPlastering
Plasterer,Wellington Plastering,WellingtonPlastering@checkatrade.co.uk,N/A,07458 189162,CF10 2NX,WellingtonPlastering
Plasterer,JDP Plastering,JdpPlastering@checkatrade.co.uk,N/A,07458 187841,CF10 2NX,JdpPlastering
Plasterer,SB Minor Works,SBMinorWorks@checkatrade.co.uk,01392 539587,07458 181753,CF10 2NX,SBMinorWorks
Plasterer,Splat Plastering,SplatPlastering@checkatrade.co.uk,01202 091038,07458 180575,CF10 2NX,SplatPlastering
Plasterer,Peter Plastering ,PeterPlastering@checkatrade.co.uk,N/A,07458 178044,CF10 2NX,PeterPlastering
Plasterer,J J David Plastering Contractors,JJDavidPlasteringContractors@checkatrade.co.uk,01425 207824,07458 177639,CF10 2NX,JJDavidPlasteringContractors
Plasterer,Holloway Plastering Services Limited,HollowayPlasteringServices@checkatrade.co.uk,N/A,07458 165648,CF10 2NX,HollowayPlasteringServices
Plasterer,AMP Da Silva Painting & Decorating Ltd,AmpDaSilvaPaintingAndDecoratin@checkatrade.co.uk,01902 916394,07458 165701,CF10 2NX,AmpDaSilvaPaintingAndDecoratin
Plasterer,K&C Plastering ,KandCPlastering@checkatrade.co.uk,N/A,07458 188337,CF10 2NX,KandCPlastering
Plasterer,L M Quin Plastering & Building,LMQuinPlasteringAndBuilding@checkatrade.co.uk,01494 939994,07458 182108,CF10 2NX,LMQuinPlasteringAndBuilding
Insulation,Evolve Home Energy Solutions ,EvolveHomeEnergySolutions@checkatrade.co.uk,01600 737773,N/A,CF10 2NX,EvolveHomeEnergySolutions
Insulation,Cisco Homes Ltd ,CiscoHomesLtd@checkatrade.co.uk,01752 279343,N/A,CF10 2NX,CiscoHomesLtd
Insulation,The Soundproofing Specialists,UpdatePropertyCare@checkatrade.co.uk,0115 6970378,07458 189017,CF10 2NX,UpdatePropertyCare
Insulation,NMN Soundproofing Limited,NmnSoundproofing@checkatrade.co.uk,01747 445592,07458 189232,CF10 2NX,NmnSoundproofing
Insulation,Seal Sixty Ltd,SealSixty@checkatrade.co.uk,01256 630318,07458 182750,CF10 2NX,SealSixty
Insulation,Vac-Xtract,Vacxtract@checkatrade.co.uk,01489 532172,07458 176819,CF10 2NX,Vacxtract
Insulation,Slate Insulations Limited,SlateInsulations@checkatrade.co.uk,N/A,07458 170489,CF10 2NX,SlateInsulations
Insulation,Cavitech UK,CavitechUk@checkatrade.co.uk,01903 959069,N/A,CF10 2NX,CavitechUk
Insulation,Grant Assessments Ltd,N/A,N/A,07458 184395,CF10 2NX,GrantAssessments
Insulation,Lead Leaders Insulation,LeadersInsulation@checkatrade.co.uk,N/A,07458 173789,CF10 2NX,LeadersInsulation
Insulation,Arktek Group Ltd,N/A,0191 9173291,N/A,CF10 2NX,ArktekGroupLtd
Tree Surgeon,Holroyd Tree and Garden Services,HolroydTreeAndGardenServices@checkatrade.co.uk,N/A,07458 189734,CF10 2NX,HolroydTreeAndGardenServices
Tree Surgeon,R H Services,RHServices877073@checkatrade.co.uk,01291 442379,07488 814855,CF10 2NX,RHServices
Tree Surgeon,Treescape Tree Services,TreescapeTreeServices@checkatrade.co.uk,N/A,07458 187651,CF10 2NX,TreescapeTreeServices
Tree Surgeon,The Roots Company,TheRootsCompany553263@checkatrade.co.uk,0117 4506577,N/A,CF10 2NX,TheRootsCompany553263
Tree Surgeon,F Collins Tree Services Limited,FredCollins@checkatrade.co.uk,N/A,N/A,CF10 2NX,FredCollins
Tree Surgeon,S. Bevan Tree Care & Landscaping Services,SBevanTreeCareandLandscapingServices@checkatrade.co.uk,01458 550213,07458 189602,CF10 2NX,SBevanTreeCareandLandscapingServices
Tree Surgeon,Ashley Tree Surgeons,AshleyTreeSurgeons@checkatrade.co.uk,01425 207849,07458 180501,CF10 2NX,AshleyTreeSurgeons
Tree Surgeon,Wessex Tree Surgeons ,WessexTreeSurgeons@checkatrade.co.uk,01590 630742,07458 180049,CF10 2NX,WessexTreeSurgeons
Tree Surgeon,GCK Treeworks Ltd ,GckTreeworks@checkatrade.co.uk,01939 557045,N/A,CF10 2NX,GckTreeworks
Stonemason,AllStone SW,AllstoneSwLimited@checkatrade.co.uk,N/A,07458 173633,CF10 2NX,AllstoneSwLimited
